product_name,description,price
Wallet Grade Strip 1 Gram,-,26000
Wallet Grade Segi Isi 1 Gram,-,17000
TM100 Gram Honey Rock Sugar,-,60000
TM75 Gram Red Dates,-,50000
Wallet Grade Hancuran Emas 1 Gram,-,17000
Wallet Grade Kakian Emas 1 Gram,-,17000
Wallet Grade Segi T 1 Gram,-,24000
TM100 Gram Gouji Berry,-,60000
TM100 Gram Red Dates,-,60000
TM100 Gram Sugar Free,-,60000
TM75 Gram Gouji Berry,-,50000
Wallet Grade T 1 Gram,-,22000
Gula Batu Madu,-,55000
Steam Wallet,-,300000
TM75 Gram Rock Sugar,-,50000
Ginseng Akar,-,100000
TM100 Gram Ginseng,-,60000
TM75 Gram Ginseng,-,50000
TM100 Gram Rock Sugar,-,60000
TM75 Gram Sugar Free,-,50000
Wallet Grade Kakian 1 Gram,-,16000
Teripang Karang 6 Cm 1 Gram,-,4500
Wallet Grade Hancuran 1 Gram,-,15000
Ginseng Biasa,-,100000
Ginseng Bulat,-,150000
TM75 Gram Honey Rock Sugar,-,50000
Dine In Birdnest,-,156000
Teripang 120 - 130 1 Gram,-,4000
